details,count
Алматы,765
220640046563,317
IPTUYAKOV,310
Сундет,282
Ali stroy,226
NAZIRA,222
"Шымкент,Гагарина 277",218
IPTRIADOM,216
IPELMIRA,216
GULEKE,215
Сүт өнімі Сезім,207
A154ALMATY,204
IMBIRSPATAYATYRAU,202
тулпар 2030,202
My Mart #17,202
Aizhamal group,199
TRIADOM,199
АВТОСЕРВИС,194
AMIRDECORCOMPANY,189
PRINTLAB,177
CENTRSEMEYNOGOOTDYHAAILAND,162
Lider Nursaya,160
IPODSKZ,160
Ekspress,158
Зачисление на пластиковую карту FREEDOM PAY*OCT,157
ABAY STATION1,155
SMKLINIK,154
BULT,153
Hareket,150
IPABULADZELR,149
GULDANA,148
Шымкент Абайски район,148
VAO,147
BENEFIS,146
Олжа (Рамс сити),145
BARNALEY,145
OVPBAR,145
RUHANIYAT,145
Сулейменова,145
COPIROK,144
ДМ Шымкент Бекжан Комфорт KZ 5118,143
LATENIGHTSHOW,143
Familylook_kz,143
Галымжан,142
DEGIRMEN,141
Oplata za AdmShtrafy,141
Gramad,140
IPINZHU,140
Qanagat-kz,140
Таугуль,140
BUKETSHOU,139
Наби,139
Biga,137
MELOMANMARWIN,136
AMIRDEKOR2,135
"TOO ""BRAVYY # 1""",135
ASTANAVISION,133
ИП.Гульмира,133
ALMATY,130
IPFARMACIA,129
MU RK Oplata ChSI,127
QULPYNAI,126
"TOO ""SIMPLEFOODS""",125
ASAR,125
IVERIYA,125
ELPHARM,121
Байгутдинова,120
Берёзка,119
ZETA,116
TOOSFR,92
AKKYZ,91
МАДИНА,89
Платные дороги. QazAvtoJol,89
AUTO KEY KZ,89
IPERGAZIEVA,86
GULDERALEMI,85
SARYARKA KASSA 1,85
NURAYTATTILERI,85
BEREKET kafe,85
Куликовский ФМ «Мустафина»,84
IPSULTAN,84
GLORIAJEANS,84
HALILUSTA,84
RitcPalace,84
Алаш,84
Ernur,83
ABAY STATION,83
TOOCENG,83
FMAKKENT,83
IPSULU,83
BLOOMINGBOUQUET,83
ACE,83
морожное,83
BIGA,83
Болашак 9,82
LIDERZHUMYSKER,82
SAIRAN-2 STATION,82
best make up Shymkent,82
NOTARIUSDAUESHOVA,81
Esik su,81
ATYRAUKASIPKER,81
BUQA,81
HANSHATYRFOTOSTUDIO,81
AZS5,81
TOO SMSBUS,81
LIDERMODERNSITI,81
MANGO,80
ALMAFON,80
TAKSIMFASTFOOD,80
IPABYROY,80
MALIKA,80
Покупка автомобиля,80
FORTVERNYI,80
YUbileyniy,80
Гульайм,79
Опто маркет,79
KUANYSH,79
IPROMANOVA,79
IPFAGUM,79
WHYNOTKZ,79
"ТОО ""Торгово- финансовая компания ""Алтын-Тараз""",79
SHYMKENT TULPAR,79
KOMPYUTERNYEUSLUGI,79
TURAN,79
KAFFEGUSTOFOODBEVERAGE,79
RAUZAADE,79
SofiaGlobal,78
NUR,78
Отмена TRIADOM,78
KDLOLIMP,78
ALIDI,78
С Kaspi Gold,78
Мастер Дом,78
"TOO ""MIDAS CORP""",78
IPZHANAR,78
IPUMMABOOK,78
DETSKAYAPLOCHSHADKA,77
Пост рынок Барыс,77
EA,77
MAGZHANAR,77
Qulpynai Rozybakiev,77
Sauda food,77
Романтик,77
ETHOUSE,77
ENERGY старт плюс,76
"Отмена ИП ""AISULU""",76
DAILYDONUTS,76
KoКо Кульсары,76
Horeca Service Kulsary,76
LETO,76
ICECREAM,76
ТОО Евро Ойл,76
хомуты и фитинги,76
MOSCOW-2 STATION,76
IPILIMESOVA,76
Stud.kz,75
Молочный домик,75
SULEIMAN,75
MOSKVA 4,75
Айжарык,75
ADEMI,75
2KVARTAL,75
LEVELGAGARINA,75
LEPIMIVARIM,74
Мустапаев Биржан,74
Sultan,74
База Проката,74
Albatros,74
LIDERKONTEYNERNIY,74
GOHALAL,74
QASSAP,74
OSTIN,74
IPSHYNAR,74
BEREKE,74
APPLECITY,74
bubble boom,73
Ершат,73
Али-Султан Фарм,73
аладдин столовая,73
AIAIAICHIKENKAZHIMUKHAN,73
Тир2,73
Aida Serikova,73
PAYSEND,73
TAN,73
LAYT KASSA,73
IPERKENUR,73
LC Янги Шахар,73
BOTASHYM,73
BAHANDI,73
Отмена IPFAGUM,73
RED Dragon,73
OPS 76,73
IPALMARA,72
Мейрамгул,72
"TOO ""SKIF SAUDA""",72
BOYKA,72
Пост 4,72
TEATR AUEZOVA STATION,71
AGZSNIET,71
ADS*JMZ7DKXZU2,71
SETSEMEYNYHRESTARANOVCHOCO,71
AVTZAP,71
Мансур,71
KAFESAFARI,71
ASYLONER,71
NOSTALGIYA,71
IPALTYNAY,71
BATYR,70
LUXHOME,70
MAGAZ,70
DETSKAYASTUDIYAAIYAKIDS,70
Аскарова Айгерим Ерланбайкызы,70
Переплет,70
IQOS,69
QAZQULDER,69
IZBUSHKA,69
RADOST V DOM,69
BABYCAR,69
BABYLINA,69
ROMANTIC,69
Krasniy Drakon,69
Венера 444,69
ZCAKE,69
AZS X-35,69
GASTRONOM,69
Аружан,68
Choco berry,68
Махди,68
SHYM OIL,68
ARDAN,68
ПАРИЗА,68
SPASALONLESHOZ,68
Miko,68
BAYTEREK,68
CHITA,68
BEERMAN,68
RUSTAM,68
KOKO,68
MOSKVA 2,68
LIDERALMAGUL,68
Мясо птицы,68
RESTORANHAYAT,68
BEAUTYMANIA,67
BUFET6ETAZH,67
KORE,67
ZHAPPASTREVEL,67
NURIK,67
Оплата за проданный автомобиль,67
LIDERREALSPORT,67
OLGA,67
Садака в мечети,67
КОКПАР,66
AMIRDECOR,66
IPBAYRAMOVADK,66
SAMIRA,66
Mooz север,66
sezim ortalygy,66
Bay Trade,66
IPMARGULAN,66
TOOKURMETFARM,66
33PINGVINAATYRAU,66
Алаш 1,66
FAMECITY,66
YUG,65
IPNIGMETIYAROVA,65
Сая,65
Склад 7,65
JLC,65
ERASYL,65
Ауэзова Fotodent,65
IDEALKASPIY,65
FANTAZIYA,65
IPGOLDENBOY,65
MOROCCO,65
SANDYQ,65
Зафар,65
MelomanMarwin,65
STREETFOODWOW,64
"TOO ""PERIZAT KZ""",64
Беркад 92,64
MOMYSHULY 2 KASSA 2,64
COFFEBOOM,64
YAPARTNER3,64
KIOSKDAULET,63
SKASKI,63
Колеса,63
IPAZIEVAA,63
Hotspot,63
MEYRAMHANASANDZHAK,63
ZAVOD,63
TOYMART,63
IPALDIYAR,62
DS,62
IPBIZHAN,62
Kafe bystrogo pitaniya 6inc,62
Арайлым,61
Ливорно,60
ESENTAI GOURME,60
STOLOVAYATAGAM,60
Union,60
болашак 7 бутик,60
SHTORY,60
IPSHYNGYS,59
FREEDOM PAY*MKO/MFO,59
Кыдыралиева,59
COLUMB,58
"Gastronom ""Stolichniy""",58
AYSHA,58
ALMATINSKIYFILIALTOOGELIOSAZS35,58
Байжигит,58
BRUMEATYRAU,58
Столовая Тагам,57
Оранж,57
AYNURMAG,57
IPAISHA,56
LANZHOUALFARABI,56
standardlife,55
ONEPAY,53
Кеңсе тауарлары,53
Отмена IPTRIADOM,52
MARCO 13,52
CHIVASBAR,52
Радуга_Чикен центр,52
DARYKRASNODARA,51
OPTOVKA2KASSA,51
